{
  "wuerzburg" : {
    "west" : 9.94228,
    "east": 9.96151,
    "north"   : 49.79350,
    "south" :  49.78109
  }
}



