{
  "wuerzburg" : {
    "west" : 9.93500,
    "east": 9.97500,
    "north"   : 49.79800,
    "south" :  49.76000
  }
}



