{
  "wuerzburg" : {
    "left" : 49.79377,
    "right": 49.7961,
    "up"   : 9.95350,
    "down" : 9.95169
  }



}



